{
  "angier|NC": [
    35.5074,
    -78.7378
  ],
  "belmont|NC": [
    35.2429,
    -81.0376
  ],
  "bowling green|KY": [
    36.9685,
    -86.4808
  ],
  "carthage|NC": [
    35.3457,
    -79.417
  ],
  "charleston|SC": [
    32.7765,
    -79.9311
  ],
  "chesterfield|VA": [
    37.3719,
    -77.5197
  ],
  "chester|VA": [
    37.3568,
    -77.4419
  ],
  "clayton|NC": [
    35.6507,
    -78.4564
  ],
  "clinton|NC": [
    35.001,
    -78.3236
  ],
  "conway|SC": [
    33.836,
    -79.0478
  ],
  "dallas|NC": [
    35.3148,
    -81.1762
  ],
  "dinwiddie|VA": [
    37.0763,
    -77.5874
  ],
  "elizabethton|TN": [
    36.3487,
    -82.2107
  ],
  "ft. bragg|NC": [
    35.1395,
    -78.9978
  ],
  "fuquay-varina|NC": [
    35.5843,
    -78.8
  ],
  "hampton|VA": [
    37.0299,
    -76.3452
  ],
  "hardeeville|SC": [
    32.2871,
    -81.0801
  ],
  "jacksonville|NC": [
    34.7541,
    -77.4302
  ],
  "knightdale|NC": [
    35.7882,
    -78.4805
  ],
  "leland|NC": [
    34.2562,
    -78.0445
  ],
  "lexington|SC": [
    33.9815,
    -81.2362
  ],
  "lincolnton|NC": [
    35.4732,
    -81.2543
  ],
  "little river|SC": [
    33.8771,
    -78.6378
  ],
  "maryville|TN": [
    35.7565,
    -83.9705
  ],
  "matthews|NC": [
    35.1168,
    -80.7237
  ],
  "mebane|NC": [
    36.0959,
    -79.267
  ],
  "mount sterling|KY": [
    38.0567,
    -83.9433
  ],
  "north charleston|SC": [
    32.8546,
    -79.9748
  ],
  "oak ridge|NC": [
    36.174,
    -79.9764
  ],
  "petersburg|VA": [
    37.2279,
    -77.4019
  ],
  "quinton|VA": [
    37.5343,
    -77.1689
  ],
  "randleman|NC": [
    35.8268,
    -79.8086
  ],
  "roanoke|VA": [
    37.271,
    -79.9414
  ],
  "roxboro|NC": [
    36.3935,
    -78.9831
  ],
  "salem|NC": [
    36.0999,
    -80.2442
  ],
  "sanford|NC": [
    35.4799,
    -79.1803
  ],
  "tallahassee|FL": [
    30.4383,
    -84.2807
  ],
  "vienna|VA": [
    38.9012,
    -77.2653
  ],
  "west columbia|SC": [
    33.9935,
    -81.0739
  ],
  "wilmington|NC": [
    34.2257,
    -77.9447
  ],
  "york|SC": [
    34.9603293,
    -81.1655408
  ],
  "zebulon|NC": [
    35.8212013,
    -78.3126798
  ]
}