{
  "aiken|SC": [
    33.5723191,
    -81.6182086
  ],
  "alexandria|VA": [
    38.8051095,
    -77.0470229
  ],
  "angier|NC": [
    35.5074,
    -78.7378
  ],
  "apex|NC": [
    35.7325352,
    -78.8505516
  ],
  "ashburn|VA": [
    39.029784,
    -77.4744148
  ],
  "asheville|NC": [
    35.595363,
    -82.5508407
  ],
  "auburndale|FL": [
    28.0653422,
    -81.7888642
  ],
  "aylett|VA": [
    37.7868,
    -77.1497
  ],
  "belmont|NC": [
    35.2429,
    -81.0376
  ],
  "biscoe|NC": [
    35.3600553,
    -79.7796559
  ],
  "blue ridge|GA": [
    34.863972,
    -84.324087
  ],
  "bowling green|KY": [
    36.9685,
    -86.4808
  ],
  "brooksville|FL": [
    28.5552719,
    -82.3878709
  ],
  "burlington|NC": [
    36.0956918,
    -79.4377991
  ],
  "calabash|NC": [
    33.8907278,
    -78.5683446
  ],
  "camp lejeune|NC": [
    34.6397339,
    -77.3418348
  ],
  "carthage|NC": [
    35.3457,
    -79.417
  ],
  "cary|NC": [
    35.7882893,
    -78.7812081
  ],
  "chancellor lane monroe|NC": [
    35.0236505,
    -80.4980907
  ],
  "chapel hill|NC": [
    35.9131542,
    -79.05578
  ],
  "charleston|SC": [
    32.7765,
    -79.9311
  ],
  "charlotte|NC": [
    35.2271,
    -80.8431
  ],
  "chattanooga|TN": [
    35.0457219,
    -85.3094883
  ],
  "chesterfield|VA": [
    37.3719,
    -77.5197
  ],
  "chester|VA": [
    37.3568,
    -77.4419
  ],
  "clayton|NC": [
    35.6507,
    -78.4564
  ],
  "clinton|NC": [
    35.001,
    -78.3236
  ],
  "columbia|SC": [
    34.000754,
    -81.0352313
  ],
  "concord|NC": [
    35.4088,
    -80.5795
  ],
  "conway|SC": [
    33.836,
    -79.0478
  ],
  "copperhill|TN": [
    34.9891567,
    -84.3700976
  ],
  "dallas|NC": [
    35.3148,
    -81.1762
  ],
  "dinwiddie|VA": [
    37.0763,
    -77.5874
  ],
  "doraville|GA": [
    33.8981579,
    -84.2832564
  ],
  "durham|NC": [
    35.994,
    -78.8986
  ],
  "elijay|GA": [
    31.5811325,
    -83.4827339
  ],
  "elizabethton|TN": [
    36.3487,
    -82.2107
  ],
  "ellijay|GA": [
    34.6950278,
    -84.4827394
  ],
  "fayetteville|NC": [
    35.0527,
    -78.8784
  ],
  "fitchburg|WI": [
    43.0020919,
    -89.423817
  ],
  "fort mill|SC": [
    35.0073697,
    -80.9450759
  ],
  "fort myers|FL": [
    26.640628,
    -81.8723084
  ],
  "fredericksburg|VA": [
    38.3031837,
    -77.4605399
  ],
  "ft. bragg|NC": [
    35.1395,
    -78.9978
  ],
  "fuquay-varina|NC": [
    35.5843,
    -78.8
  ],
  "gainesville|FL": [
    29.6519684,
    -82.3249846
  ],
  "garner|NC": [
    35.7112642,
    -78.6141709
  ],
  "glade spring|VA": [
    36.791225,
    -81.7712324
  ],
  "goose creek|SC": [
    32.9961038,
    -80.0387292
  ],
  "greensboro|NC": [
    36.0726,
    -79.792
  ],
  "greenville|SC": [
    34.851354,
    -82.3984882
  ],
  "hampton|VA": [
    37.0299,
    -76.3452
  ],
  "hardeeville|SC": [
    32.2871,
    -81.0801
  ],
  "harrogate|TN": [
    36.5784,
    -83.6566
  ],
  "havelock|NC": [
    34.8791,
    -76.9013
  ],
  "haven way asheville|NC": null,
  "herriman|UT": [
    40.5141,
    -112.033
  ],
  "high point|NC": [
    35.9556924,
    -80.0053176
  ],
  "holly springs|NC": [
    35.6512655,
    -78.8336218
  ],
  "hope mills|NC": [
    34.9704419,
    -78.9453056
  ],
  "huntersville|NC": [
    35.4107,
    -80.8428
  ],
  "indian land|SC": [
    35.0018151,
    -80.8556287
  ],
  "jacksonville|FL": [
    30.3262247,
    -81.6579179
  ],
  "jacksonville|NC": [
    34.7541,
    -77.4302
  ],
  "jefferson|GA": [
    34.117,
    -83.5752
  ],
  "kernersville|NC": [
    36.1198589,
    -80.0736533
  ],
  "knightdale|NC": [
    35.7882,
    -78.4805
  ],
  "lancaster|KY": [
    37.6195246,
    -84.5779957
  ],
  "laurinburg|NC": [
    34.7740495,
    -79.4628248
  ],
  "leland|NC": [
    34.2562,
    -78.0445
  ],
  "lexington|SC": [
    33.9815,
    -81.2362
  ],
  "liberty|NC": [
    35.8534705,
    -79.5716903
  ],
  "lincolnton|NC": [
    35.4732,
    -81.2543
  ],
  "little river|SC": [
    33.8771,
    -78.6378
  ],
  "louisa|VA": [
    37.9854441,
    -77.9486307
  ],
  "lumberton township|NJ": [
    39.9659459,
    -74.8051628
  ],
  "maryville|TN": [
    35.7565,
    -83.9705
  ],
  "matoaca|VA": [
    37.232583,
    -77.4706875
  ],
  "matthews|NC": [
    35.1168,
    -80.7237
  ],
  "mayodan|NC": [
    36.4123597,
    -79.9669857
  ],
  "mcclellanville|SC": [
    33.0882246,
    -79.4611743
  ],
  "mclean|VA": [
    38.9342,
    -77.1775
  ],
  "mebane|NC": [
    36.0959,
    -79.267
  ],
  "minneola|FL": [
    28.5756641,
    -81.7482915
  ],
  "mint hill|NC": [
    35.1735388,
    -80.6570377
  ],
  "monroe|NC": [
    34.9854,
    -80.4203
  ],
  "montpelier|VA": [
    38.2176658,
    -78.1748556
  ],
  "mount airy|NC": [
    36.4993877,
    -80.6072138
  ],
  "mount gilead|NC": [
    35.2148671,
    -80.0022784
  ],
  "mount pleasant|SC": [
    32.7927956,
    -79.8678322
  ],
  "mount sterling|KY": [
    38.0567,
    -83.9433
  ],
  "myrtle beach|SC": [
    33.6956461,
    -78.8900409
  ],
  "nas oceana|VA": [
    36.8119877,
    -76.0279192
  ],
  "newton|NC": [
    35.6630887,
    -81.2219363
  ],
  "north charleston|SC": [
    32.8546,
    -79.9748
  ],
  "oak ridge|NC": [
    36.174,
    -79.9764
  ],
  "oak ridge|TN": [
    36.0103562,
    -84.2696449
  ],
  "ogden|NC": [
    34.2639806,
    -77.7978072
  ],
  "pembroke|NC": [
    34.6800748,
    -79.1933485
  ],
  "petersburg|FL": [
    27.7712264,
    -82.6340259
  ],
  "petersburg|VA": [
    37.2279,
    -77.4019
  ],
  "pope field|NC": [
    35.1733674,
    -79.0140434
  ],
  "quinton|VA": [
    37.5343,
    -77.1689
  ],
  "raleigh|NC": [
    35.7796,
    -78.6382
  ],
  "randleman|NC": [
    35.8268,
    -79.8086
  ],
  "ringgold|GA": [
    34.91591,
    -85.1091173
  ],
  "roanoke|VA": [
    37.271,
    -79.9414
  ],
  "rock hill|SC": [
    34.9249,
    -81.0251
  ],
  "rockingham|NC": [
    36.3926798,
    -79.744144
  ],
  "roseboro|NC": [
    34.9529475,
    -78.5086181
  ],
  "roxboro|NC": [
    36.3935,
    -78.9831
  ],
  "salem|NC": [
    36.0999,
    -80.2442
  ],
  "sanford|NC": [
    35.4799,
    -79.1803
  ],
  "seneca|SC": [
    34.6865321,
    -82.9527288
  ],
  "southern pines|NC": [
    35.1740471,
    -79.3922539
  ],
  "spartanburg|SC": [
    34.9498007,
    -81.9320157
  ],
  "st. cloud|FL": [
    28.2498534,
    -81.2839038
  ],
  "statesville|NC": [
    35.7827676,
    -80.8873574
  ],
  "sumter|SC": [
    33.9204354,
    -80.3414693
  ],
  "tallahassee|FL": [
    30.4383,
    -84.2807
  ],
  "taylorsville|NC": [
    35.9219402,
    -81.1763421
  ],
  "township of taylorsville|NC": null,
  "victoria|VA": [
    36.9948938,
    -78.2273673
  ],
  "vienna|VA": [
    38.9012,
    -77.2653
  ],
  "virginia beach|VA": [
    36.8496579,
    -75.9760751
  ],
  "wake forest|NC": [
    35.9803138,
    -78.5103731
  ],
  "waynesville|NC": [
    35.4887476,
    -82.9888725
  ],
  "west columbia|SC": [
    33.9935,
    -81.0739
  ],
  "westfield|NC": [
    36.4754147,
    -80.4467247
  ],
  "wilmington|NC": [
    34.2257,
    -77.9447
  ],
  "wilson|NC": [
    35.7059114,
    -77.9175714
  ],
  "wimauma|FL": [
    27.7134925,
    -82.3156052
  ],
  "windsor|NC": [
    35.9984925,
    -76.9460641
  ],
  "winston salem|NC": [
    36.0999,
    -80.2442
  ],
  "winston-salem|NC": [
    36.0999,
    -80.2442
  ],
  "york|SC": [
    34.9603293,
    -81.1655408
  ],
  "zebulon|NC": [
    35.8212013,
    -78.3126798
  ]
}